{"cameraMode":{"drawMode":0,"name":"Shaded","section":"Shading Mode"},"sceneLighting":false,"audioPlay":false,"sceneViewState":{"showFog":true,"showMaterialUpdate":false,"showSkybox":false,"showFlares":true,"showImageEffects":true,"showParticleSystems":true},"in2DMode":false,"pivot":{"x":0.037123799324035647,"y":1.4742977619171143,"z":-0.6919258236885071},"rotation":{"x":-0.07596912235021591,"y":-0.2372586727142334,"z":0.01868579164147377,"w":-0.9683295488357544},"size":9.783705711364746,"orthographic":false}