{"cameraMode":{"drawMode":0,"name":"Shaded","section":"Shading Mode"},"sceneLighting":true,"audioPlay":false,"sceneViewState":{"showFog":true,"showMaterialUpdate":false,"showSkybox":true,"showFlares":true,"showImageEffects":true,"showParticleSystems":true},"in2DMode":false,"pivot":{"x":-84.24818420410156,"y":-45.77214431762695,"z":-204.96987915039063},"rotation":{"x":0.20249465107917787,"y":-0.5549206137657166,"z":0.14102382957935334,"w":0.7946053147315979},"size":106.92230224609375,"orthographic":false}