{"cameraMode":{"drawMode":0,"name":"Shaded","section":"Shading Mode"},"sceneLighting":true,"audioPlay":false,"sceneViewState":{"showFog":true,"showMaterialUpdate":false,"showSkybox":true,"showFlares":true,"showImageEffects":true,"showParticleSystems":true},"in2DMode":false,"pivot":{"x":-1.5508440732955933,"y":0.6714847087860107,"z":-236.42910766601563},"rotation":{"x":-0.15319515764713288,"y":-0.1126994714140892,"z":0.017647188156843187,"w":-0.9816977381706238},"size":1.4626529216766358,"orthographic":false}