{"cameraMode":{"drawMode":0,"name":"Shaded","section":"Shading Mode"},"sceneLighting":true,"audioPlay":false,"sceneViewState":{"showFog":true,"showMaterialUpdate":false,"showSkybox":true,"showFlares":true,"showImageEffects":true,"showParticleSystems":true},"in2DMode":false,"pivot":{"x":4.8509440422058109,"y":-26.23764991760254,"z":-220.412841796875},"rotation":{"x":-0.4805150628089905,"y":-0.14367899298667909,"z":0.08037775009870529,"w":-0.8615221977233887},"size":44.81916427612305,"orthographic":false}