{"cameraMode":{"drawMode":0,"name":"Shaded","section":"Shading Mode"},"sceneLighting":false,"audioPlay":false,"sceneViewState":{"showFog":true,"showMaterialUpdate":false,"showSkybox":false,"showFlares":true,"showImageEffects":true,"showParticleSystems":true},"in2DMode":false,"pivot":{"x":0.0001474618911743164,"y":0.8672870397567749,"z":-0.01802659034729004},"rotation":{"x":-0.2573768198490143,"y":0.47111859917640688,"z":-0.14587390422821046,"w":-0.831083357334137},"size":4.731037139892578,"orthographic":false}