{"cameraMode":{"drawMode":0,"name":"Shaded","section":"Shading Mode"},"sceneLighting":true,"audioPlay":false,"sceneViewState":{"showFog":true,"showMaterialUpdate":false,"showSkybox":true,"showFlares":true,"showImageEffects":true,"showParticleSystems":true},"in2DMode":false,"pivot":{"x":2.7769551277160646,"y":0.722503662109375,"z":-235.5568084716797},"rotation":{"x":-0.21928152441978455,"y":0.18716102838516236,"z":-0.04285380616784096,"w":-0.9566837549209595},"size":13.621600151062012,"orthographic":false}