{"cameraMode":{"drawMode":0,"name":"Shaded","section":"Shading Mode"},"sceneLighting":true,"audioPlay":false,"sceneViewState":{"showFog":true,"showMaterialUpdate":false,"showSkybox":true,"showFlares":true,"showImageEffects":true,"showParticleSystems":true},"in2DMode":false,"pivot":{"x":2.6700000762939455,"y":14.109999656677246,"z":-240.6999969482422},"rotation":{"x":-0.24017363786697389,"y":0.5579606294631958,"z":-0.17274458706378938,"w":-0.7754688262939453},"size":22.0,"orthographic":false}